antecedents,consequents,antecedent support,consequent support,support,confidence,lift,representativity,leverage,conviction,zhangs_metric,jaccard,certainty,kulczynski
frozenset({'云闪付'}),frozenset({'电子产品'}),0.1427968438375308,0.9089974829953243,0.1297782764152771,0.9088315464656506,0.9998174510570405,1.0,-2.369521271478048e-05,0.9981798909245372,-0.0002129523095332,0.1407548993930214,-0.001823427913156,0.5258011614451404
frozenset({'信用卡'}),frozenset({'电子产品'}),0.142879703869379,0.9089974829953243,0.1298992425193534,0.909151118048982,1.0001690159285717,1.0,2.1951330970576555e-05,1.0016911056070077,0.0001971571175922,0.1408919197211255,0.0016882505969569,0.5260274854320923
frozenset({'储蓄卡'}),frozenset({'电子产品'}),0.1428705431441689,0.9089974829953243,0.1298774539889058,0.9090569065580444,1.0000653726372533,1.0,8.489876681366804e-06,1.000653414794581,7.626428356658817e-05,0.1408663579780001,0.000652988122481,0.5259683947632021
frozenset({'微信支付'}),frozenset({'电子产品'}),0.1427992612511279,0.9089974829953243,0.1298161916390633,0.9090816752249686,1.000092620971146,1.0,1.2022588196297646e-05,1.0009260204678496,0.0001080404963619,0.1408014423644177,0.0009251637472836,0.5259470813411763
frozenset({'支付宝'}),frozenset({'电子产品'}),0.1428862563325501,0.9089974829953243,0.1298735734039209,0.9089297790940528,0.999925518054188,1.0,-9.673956991806952e-06,0.9992565747551928,-8.689747604729801e-05,0.1408591555753332,-0.0007439783370845,0.5259026964901007
frozenset({'现金'}),frozenset({'电子产品'}),0.1428887055542208,0.9089974829953243,0.1298895092488176,0.9090257256164276,1.0000310700762451,1.0,4.035551570913398e-06,1.000310446236529,3.624863086842625e-05,0.1408785000693604,0.0003103498895738,0.5259594353668123
frozenset({'银联'}),frozenset({'电子产品'}),0.1428786860110223,0.9089974829953243,0.1298632357799859,0.9089055856096528,0.9998989024861008,1.0,-1.3130177712594726e-05,0.9989911852852172,-0.0001179480763423,0.1408475207886304,-0.0010098334496262,0.5258849134703651
